{
    "name": "jsForm",
    "title": "jQuery JSON Form",
    "description": "jQuery based form library that allows you to handle data within a js object (i.e. JSON) with html forms.\nYou can modify all fields/properties by simply creating a html form with the correct naming schema (MVVM Pattern).\n\nThe main features of this library are:\n    Full standard html with data available in a js object\n    Update an existing js object with changes done within a form\n    Fully internationalizable with number format, currency and date formatting\n    Provide basic functions for formatting (i.e. date/time, money) using html markup\n    Provide form validation functionality\n    handle collections (arrays) with subobjects\n provides helper methods to handle array manipulation (add new entry/remove an entry, sorting) using only html markup\n Can be used in connection with an autocomplete function to add new array objects",
    "keywords": [
        "form",
        "json",
        "data",
        "mvvm"
    ],
    "version": "1.3.6",
    "author": {
        "name": "Niko Berger"
    },
    "maintainers": [{
        "name": "Niko Berger",
        "email": "niko.berger@corinis.com",
        "url": "http://www.corinis.com"
    }],
    "licenses": [{
        "type": "MIT",
        "url": "https://github.com/corinis/jsForm/MIT-LICENSE.txt"
    }],
    "bugs": "https://github.com/corinis/jsForm/issues",
    "homepage": "https://github.com/corinis/jsForm/",
    "docs": "https://github.com/corinis/jsForm/",
    "dependencies": {
        "jquery": ">=1.7"
    }
}